domain	property	range	count
Q134556	P123	Q2085381	3
Q134556	P123	Q4830453	2
Q134556	P123	Q18127	1
Q1366112	P123	Q4830453	1
Q207628	P123	Q4830453	1
Q571	P123	Q2085381	1
Q7366	P123	Q4830453	1
Q7725634	P123	Q2085381	1
Q134556	P1327	Q5	2
Q134556	P1343	Q171	29
Q134556	P1343	Q15633582	1
Q134556	P1343	Q35127	1
Q134556	P1343	Q59825643	1
Q134556	P1343	Q615699	1
Q134556	P1344	Q110288240	6
Q7366	P1344	Q110288240	3
Q134556	P1344	Q110616917	1
Q7366	P1344	Q110616917	1
Q134556	P136	Q188451	19033
Q134556	P136	Q589183	3933
Q7366	P136	Q188451	1883
Q134556	P136	Q28820001	302
Q134556	P136	Q862597	244
Q7366	P136	Q589183	205
Q134556	P136	Q11921029	86
Q134556	P136	Q107357104	44
Q105543609	P136	Q188451	41
Q7366	P136	Q862597	40
Q134556	P136	Q107356781	38
Q134556	P136	Q105756498	36
Q7366	P136	Q28820001	34
Q482994	P136	Q188451	28
Q7302866	P136	Q188451	25
Q134556	P136	Q59913930	24
Q7366	P136	Q107356781	24
Q134556	P136	Q223393	23
Q169930	P136	Q188451	22
Q134556	P136	Q107487333	18
Q134556	P136	Q12020884	17
Q134556	P136	Q4453888	17
Q134556	P136	Q75054287	17
Q134556	P136	Q106537557	14
Q134556	P136	Q107565306	14
Q7366	P136	Q11921029	14
Q134556	P136	Q60733114	11
Q134556	P136	Q7777573	9
Q7366	P136	Q107565306	9
Q134556	P136	Q110013851	8
Q7366	P136	Q107357104	7
Q1193470	P136	Q188451	6
Q134556	P136	Q56296601	6
Q134556	P136	Q20202269	5
Q134556	P136	Q483394	5
Q207628	P136	Q188451	5
Q7366	P136	Q107487333	5
Q7366	P136	Q223393	5
Q7366	P136	Q4453888	5
Q482994	P136	Q589183	4
Q7366	P136	Q105756498	4
Q7366	P136	Q59913930	4
Q105543609	P136	Q589183	3
Q134556	P136	Q201658	3
Q134556	P136	Q4167410	3
Q59847891	P136	Q188451	3
Q1030329	P136	Q188451	2
Q134556	P136	Q108465955	2
Q134556	P136	Q11862829	2
Q134556	P136	Q1792379	2
Q134556	P136	Q483247	2
Q134556	P136	Q968159	2
Q2188189	P136	Q188451	2
Q55850593	P136	Q188451	2
Q56599584	P136	Q188451	2
Q63412991	P136	Q188451	2
Q7302866	P136	Q589183	2
Q7366	P136	Q106537557	2
Q7366	P136	Q12020884	2
Q7366	P136	Q483394	2
Q7366	P136	Q56296601	2
Q7725634	P136	Q188451	2
Q1030329	P136	Q107356781	1
Q105543609	P136	Q107356781	1
Q105543609	P136	Q107357104	1
Q105543609	P136	Q862597	1
Q11424	P136	Q188451	1
Q1151663	P136	Q188451	1
Q1193470	P136	Q589183	1
Q133661	P136	Q188451	1
Q133661	P136	Q589183	1
Q134556	P136	Q101352	1
Q134556	P136	Q108040195	1
Q134556	P136	Q108317211	1
Q134556	P136	Q108368282	1
Q134556	P136	Q11303	1
Q134556	P136	Q1326471	1
Q134556	P136	Q133215	1
Q134556	P136	Q1406161	1
Q134556	P136	Q1437361	1
Q134556	P136	Q16521	1
Q134556	P136	Q20643324	1
Q134556	P136	Q21652002	1
Q134556	P136	Q27686	1
Q134556	P136	Q3516862	1
Q134556	P136	Q4178140	1
Q134556	P136	Q42907216	1
Q134556	P136	Q45971958	1
Q134556	P136	Q477544	1
Q134556	P136	Q5	1
Q134556	P136	Q6942574	1
Q134556	P136	Q7578130	1
Q134556	P136	Q759853	1
Q134556	P136	Q8719053	1
Q13582719	P136	Q188451	1
Q13582719	P136	Q862597	1
Q1366112	P136	Q188451	1
Q1399352	P136	Q188451	1
Q17009617	P136	Q188451	1
Q170539	P136	Q188451	1
Q182659	P136	Q188451	1
Q193977	P136	Q188451	1
Q207628	P136	Q107356781	1
Q24255514	P136	Q188451	1
Q2470219	P136	Q188451	1
Q482994	P136	Q483394	1
Q482994	P136	Q75054287	1
Q482994	P136	Q862597	1
Q5151790	P136	Q188451	1
Q5151790	P136	Q7777573	1
Q571	P136	Q188451	1
Q58232557	P136	Q188451	1
Q63412991	P136	Q107356781	1
Q65598478	P136	Q188451	1
Q719645	P136	Q188451	1
Q7302866	P136	Q107356781	1
Q7366	P136	Q101352	1
Q7366	P136	Q108040195	1
Q7366	P136	Q110013851	1
Q7366	P136	Q11862829	1
Q7366	P136	Q1792379	1
Q7366	P136	Q201658	1
Q7366	P136	Q20202269	1
Q7366	P136	Q60733114	1
Q7366	P136	Q7777573	1
Q748289	P136	Q188451	1
Q7725634	P136	Q20202269	1
Q7725634	P136	Q20643324	1
Q873000	P136	Q188451	1
Q134556	P1366	Q105543609	1
Q134556	P1366	Q1193470	1
Q7366	P1366	Q105543609	1
Q7366	P1366	Q1193470	1
Q134556	P138	Q5	10
Q7366	P138	Q5	5
Q134556	P138	Q41825	4
Q134556	P138	Q15632617	3
Q7366	P138	Q41825	3
Q134556	P138	Q3658341	2
Q7366	P138	Q15632617	2
Q134556	P138	Q105543609	1
Q134556	P138	Q107357104	1
Q134556	P138	Q111282474	1
Q134556	P138	Q1226318	1
Q134556	P138	Q12737077	1
Q134556	P138	Q15711870	1
Q134556	P138	Q158218	1
Q134556	P138	Q1667921	1
Q134556	P138	Q18543139	1
Q134556	P138	Q2207288	1
Q134556	P138	Q235676	1
Q134556	P138	Q27598544	1
Q134556	P138	Q28640	1
Q134556	P138	Q3186692	1
Q134556	P138	Q3199915	1
Q134556	P138	Q37146376	1
Q134556	P138	Q537127	1
Q134556	P138	Q55485	1
Q134556	P138	Q66808903	1
Q134556	P138	Q747074	1
Q134556	P138	Q7725634	1
Q16909656	P138	Q12737077	1
Q16909656	P138	Q2207288	1
Q16909656	P138	Q28640	1
Q7366	P138	Q107357104	1
Q7366	P138	Q111282474	1
Q7366	P138	Q1226318	1
Q7366	P138	Q15711870	1
Q7366	P138	Q1667921	1
Q7366	P138	Q235676	1
Q7366	P138	Q3186692	1
Q7366	P138	Q3658341	1
Q7366	P138	Q66808903	1
Q873000	P138	Q747074	1
Q134556	P1411	Q38033430	100
Q134556	P1411	Q41254	35
Q7366	P1411	Q38033430	28
Q134556	P1411	Q96474678	13
Q134556	P1411	Q795848	11
Q7366	P1411	Q41254	11
Q134556	P1411	Q107655869	9
Q134556	P1411	Q392565	7
Q134556	P1411	Q40024	7
Q134556	P1411	Q1153257	6
Q134556	P1411	Q15416	6
Q134556	P1411	Q507057	6
Q134556	P1411	Q57305	6
Q134556	P1411	Q1011547	5
Q134556	P1411	Q19020	5
Q134556	P1411	Q56116950	5
Q7366	P1411	Q392565	4
Q7366	P1411	Q40024	4
Q7366	P1411	Q795848	4
Q7366	P1411	Q96474678	4
Q134556	P1411	Q107547950	3
Q134556	P1411	Q7585305	3
Q7366	P1411	Q1153257	3
Q7366	P1411	Q507057	3
Q134556	P1411	Q106592862	2
Q134556	P1411	Q110145	2
Q134556	P1411	Q1364556	2
Q134556	P1411	Q8513	2
Q7366	P1411	Q107655869	2
Q7366	P1411	Q19020	2
Q7366	P1411	Q7585305	2
Q1193470	P1411	Q107655869	1
Q1193470	P1411	Q38033430	1
Q1193470	P1411	Q40024	1
Q1193470	P1411	Q96474678	1
Q134556	P1411	Q959013	1
Q7366	P1411	Q1011547	1
Q7366	P1411	Q106592862	1
Q7366	P1411	Q110145	1
Q7366	P1411	Q1364556	1
Q7366	P1411	Q15416	1
Q7366	P1411	Q56116950	1
Q7366	P1411	Q57305	1
Q7366	P1411	Q8513	1
Q7366	P1411	Q959013	1
Q134556	P1433	Q482994	24
Q7302866	P1433	Q482994	9
Q7366	P1433	Q482994	4
Q134556	P1433	Q1516252	1
Q134556	P1433	Q235680	1
Q134556	P1433	Q3186692	1
Q7366	P1433	Q1516252	1
Q134556	P1434	Q559618	1
Q7366	P1434	Q559618	1
Q134556	P144	Q105543609	6
Q134556	P144	Q134556	5
Q7366	P144	Q105543609	3
Q134556	P144	Q7366	2
Q134556	P144	Q1193470	1
Q134556	P144	Q15079786	1
Q134556	P144	Q24869	1
Q134556	P144	Q4400837	1
Q134556	P144	Q7725634	1
Q134556	P144	Q856663	1
Q13582719	P144	Q105543609	1
Q13582719	P144	Q134556	1
Q13582719	P144	Q7366	1
Q7366	P144	Q134556	1
Q7366	P144	Q24869	1
Q7366	P144	Q4400837	1
Q134556	P1441	Q11424	1
Q7366	P1441	Q11424	1
Q134556	P1535	Q196600	1
Q134556	P155	Q134556	13500
Q134556	P155	Q7366	1483
Q134556	P155	Q105543609	1163
Q7366	P155	Q134556	1140
Q7366	P155	Q7366	448
Q134556	P155	Q482994	303
Q7366	P155	Q105543609	160
Q134556	P155	Q169930	84
Q134556	P155	Q7302866	30
Q134556	P155	Q215380	27
Q7366	P155	Q482994	21
Q105543609	P155	Q134556	18
Q7302866	P155	Q134556	18
Q134556	P155	Q4167410	16
Q134556	P155	Q5	12
Q482994	P155	Q134556	11
Q134556	P155	Q273057	10
Q105543609	P155	Q105543609	9
Q482994	P155	Q482994	9
Q7302866	P155	Q7302866	9
Q169930	P155	Q482994	8
Q169930	P155	Q134556	7
Q134556	P155	Q11424	6
Q134556	P155	Q2188189	6
Q134556	P155	Q55850593	6
Q7366	P155	Q7302866	5
Q105543609	P155	Q7366	4
Q134556	P155	Q1193470	4
Q169930	P155	Q169930	4
Q7366	P155	Q169930	4
Q134556	P155	Q1399352	3
Q134556	P155	Q2088357	3
Q207628	P155	Q134556	3
Q134556	P155	Q10590726	2
Q134556	P155	Q1997853	2
Q134556	P155	Q2031291	2
Q134556	P155	Q207628	2
Q134556	P155	Q63952888	2
Q134556	P155	Q64027488	2
Q134556	P155	Q641066	2
Q482994	P155	Q105543609	2
Q7302866	P155	Q7366	2
Q7366	P155	Q215380	2
Q7366	P155	Q2188189	2
Q7366	P155	Q4167410	2
Q7366	P155	Q5	2
Q7725634	P155	Q134556	2
Q11424	P155	Q134556	1
Q1193470	P155	Q105543609	1
Q1193470	P155	Q134556	1
Q1193470	P155	Q7302866	1
Q134556	P155	Q101352	1
Q134556	P155	Q104635718	1
Q134556	P155	Q106042566	1
Q134556	P155	Q10648343	1
Q134556	P155	Q1093829	1
Q134556	P155	Q133056	1
Q134556	P155	Q13582719	1
Q134556	P155	Q21191270	1
Q134556	P155	Q21198342	1
Q134556	P155	Q2198855	1
Q134556	P155	Q24255514	1
Q134556	P155	Q281643	1
Q134556	P155	Q29881657	1
Q134556	P155	Q4132319	1
Q134556	P155	Q484170	1
Q134556	P155	Q5398426	1
Q134556	P155	Q5741069	1
Q134556	P155	Q58232557	1
Q134556	P155	Q58483083	1
Q134556	P155	Q58863414	1
Q134556	P155	Q59248059	1
Q134556	P155	Q63141557	1
Q134556	P155	Q65598478	1
Q134556	P155	Q7725634	1
Q134556	P155	Q7889	1
Q134556	P155	Q836950	1
Q134556	P155	Q856713	1
Q134556	P155	Q861911	1
Q134556	P155	Q9212979	1
Q1366112	P155	Q134556	1
Q1399352	P155	Q134556	1
Q16909656	P155	Q169930	1
Q169930	P155	Q105543609	1
Q169930	P155	Q7366	1
Q182659	P155	Q105543609	1
Q193977	P155	Q134556	1
Q207628	P155	Q105543609	1
Q207628	P155	Q7366	1
Q2188189	P155	Q134556	1
Q24255514	P155	Q134556	1
Q2470219	P155	Q134556	1
Q482994	P155	Q169930	1
Q506240	P155	Q11424	1
Q506240	P155	Q134556	1
Q55850593	P155	Q134556	1
Q55850593	P155	Q7366	1
Q571	P155	Q134556	1
Q571	P155	Q7366	1
Q58232557	P155	Q482994	1
Q59847891	P155	Q59847891	1
Q65598478	P155	Q134556	1
Q719645	P155	Q169930	1
Q7302866	P155	Q105543609	1
Q7302866	P155	Q482994	1
Q7366	P155	Q11424	1
Q7366	P155	Q1193470	1
Q7366	P155	Q1399352	1
Q7366	P155	Q207628	1
Q7366	P155	Q2088357	1
Q7366	P155	Q2198855	1
Q7366	P155	Q273057	1
Q7366	P155	Q484170	1
Q7366	P155	Q7725634	1
Q7366	P155	Q7889	1
Q748289	P155	Q134556	1
Q7725634	P155	Q105543609	1
Q7725634	P155	Q7366	1
Q7725634	P155	Q7725634	1
Q873000	P155	Q482994	1
Q134556	P1552	Q108040195	1407
Q134556	P1552	Q59913930	1393
Q7366	P1552	Q108040195	169
Q7366	P1552	Q59913930	169
Q134556	P1552	Q107356781	14
Q134556	P1552	Q188451	8
Q105543609	P1552	Q107356781	7
Q7302866	P1552	Q59913930	6
Q7366	P1552	Q107356781	6
Q105543609	P1552	Q188451	5
Q105543609	P1552	Q108040195	4
Q134556	P1552	Q108225947	4
Q7302866	P1552	Q108225947	4
Q105543609	P1552	Q59913930	3
Q134556	P1552	Q20202269	2
Q169930	P1552	Q108040195	2
Q169930	P1552	Q59913930	2
Q7302866	P1552	Q108040195	2
Q134556	P1552	Q106043376	1
Q13582719	P1552	Q108040195	1
Q13582719	P1552	Q59913930	1
Q17009617	P1552	Q108040195	1
Q17009617	P1552	Q59913930	1
Q182659	P1552	Q107356781	1
Q182659	P1552	Q188451	1
Q24255514	P1552	Q188451	1
Q24255514	P1552	Q20202269	1
Q482994	P1552	Q108040195	1
Q482994	P1552	Q59913930	1
Q7302866	P1552	Q188451	1
Q7302866	P1552	Q20202269	1
Q7366	P1552	Q108225947	1
Q7366	P1552	Q188451	1
Q134556	P1558	Q155234	1
Q134556	P156	Q134556	13940
Q134556	P156	Q7366	1600
Q134556	P156	Q105543609	1221
Q7366	P156	Q134556	1139
Q7366	P156	Q7366	472
Q134556	P156	Q482994	365
Q7366	P156	Q105543609	201
Q134556	P156	Q169930	73
Q7366	P156	Q482994	31
Q134556	P156	Q5	25
Q134556	P156	Q215380	21
Q134556	P156	Q7302866	21
Q7302866	P156	Q134556	21
Q482994	P156	Q134556	13
Q105543609	P156	Q105543609	12
Q105543609	P156	Q134556	12
Q134556	P156	Q4167410	12
Q169930	P156	Q482994	12
Q169930	P156	Q134556	11
Q482994	P156	Q482994	11
Q7302866	P156	Q7302866	11
Q134556	P156	Q11424	6
Q134556	P156	Q273057	5
Q7302866	P156	Q7366	5
Q7366	P156	Q169930	5
Q105543609	P156	Q7366	4
Q134556	P156	Q55850593	4
Q134556	P156	Q836950	4
Q482994	P156	Q105543609	4
Q7366	P156	Q5	4
Q7366	P156	Q7302866	4
Q1193470	P156	Q134556	3
Q134556	P156	Q133056	2
Q134556	P156	Q1399352	2
Q134556	P156	Q207628	2
Q134556	P156	Q5741069	2
Q134556	P156	Q641066	2
Q134556	P156	Q65598478	2
Q134556	P156	Q7725634	2
Q134556	P156	Q7889	2
Q134556	P156	Q9212979	2
Q207628	P156	Q134556	2
Q7366	P156	Q215380	2
Q105543609	P156	Q4167410	1
Q11424	P156	Q134556	1
Q1193470	P156	Q105543609	1
Q1193470	P156	Q7366	1
Q133661	P156	Q134556	1
Q134556	P156	Q104635718	1
Q134556	P156	Q104934	1
Q134556	P156	Q10590726	1
Q134556	P156	Q107357104	1
Q134556	P156	Q1293220	1
Q134556	P156	Q13587321	1
Q134556	P156	Q149537	1
Q134556	P156	Q15079132	1
Q134556	P156	Q18460285	1
Q134556	P156	Q1997853	1
Q134556	P156	Q2031291	1
Q134556	P156	Q2088357	1
Q134556	P156	Q21191270	1
Q134556	P156	Q2188189	1
Q134556	P156	Q24255514	1
Q134556	P156	Q2470219	1
Q134556	P156	Q24862	1
Q134556	P156	Q281643	1
Q134556	P156	Q46970	1
Q134556	P156	Q506240	1
Q134556	P156	Q5151485	1
Q134556	P156	Q526877	1
Q134556	P156	Q59248059	1
Q134556	P156	Q62019336	1
Q134556	P156	Q63141557	1
Q134556	P156	Q65069441	1
Q134556	P156	Q65596297	1
Q134556	P156	Q719645	1
Q134556	P156	Q78754808	1
Q134556	P156	Q856713	1
Q134556	P156	Q891723	1
Q13582719	P156	Q134556	1
Q1366112	P156	Q134556	1
Q1399352	P156	Q134556	1
Q16909656	P156	Q134556	1
Q169930	P156	Q169930	1
Q169930	P156	Q7366	1
Q182659	P156	Q105543609	1
Q193977	P156	Q134556	1
Q207628	P156	Q105543609	1
Q207628	P156	Q7366	1
Q2188189	P156	Q134556	1
Q2188189	P156	Q7366	1
Q24255514	P156	Q134556	1
Q2470219	P156	Q134556	1
Q2470219	P156	Q7366	1
Q482994	P156	Q9212979	1
Q55850593	P156	Q134556	1
Q571	P156	Q134556	1
Q58232557	P156	Q134556	1
Q63412991	P156	Q526877	1
Q65598478	P156	Q134556	1
Q719645	P156	Q482994	1
Q7302866	P156	Q105543609	1
Q7366	P156	Q133056	1
Q7366	P156	Q18460285	1
Q7366	P156	Q207628	1
Q7366	P156	Q24862	1
Q7366	P156	Q4167410	1
Q7366	P156	Q65069441	1
Q7366	P156	Q836950	1
Q7725634	P156	Q134556	1
Q873000	P156	Q482994	1
Q134556	P161	Q5	5
Q134556	P161	Q5741069	1
Q7366	P161	Q5	1
Q748289	P161	Q5	1
Q134556	P162	Q5	4854
Q7366	P162	Q5	934
Q134556	P162	Q215380	78
Q134556	P162	Q84310035	78
Q134556	P162	Q54982412	52
Q134556	P162	Q5741069	51
Q134556	P162	Q9212979	37
Q7366	P162	Q84310035	35
Q7366	P162	Q54982412	27
Q134556	P162	Q10648343	23
Q105543609	P162	Q5	20
Q7302866	P162	Q5	18
Q7366	P162	Q9212979	14
Q134556	P162	Q1062083	13
Q7366	P162	Q215380	12
Q7366	P162	Q10648343	11
Q7366	P162	Q5741069	8
Q134556	P162	Q16145172	7
Q134556	P162	Q71129815	5
Q134556	P162	Q16017119	4
Q134556	P162	Q3736859	4
Q207628	P162	Q5	4
Q134556	P162	Q14073567	3
Q134556	P162	Q18127	3
Q482994	P162	Q5	3
Q7366	P162	Q1062083	3
Q1030329	P162	Q5	2
Q1193470	P162	Q5	2
Q134556	P162	Q2088357	2
Q134556	P162	Q37896028	2
Q134556	P162	Q4830453	2
Q134556	P162	Q56816954	2
Q56599584	P162	Q5	2
Q59847891	P162	Q5	2
Q7366	P162	Q14073567	2
Q7366	P162	Q16145172	2
Q7366	P162	Q18127	2
Q7366	P162	Q2088357	2
Q7366	P162	Q4830453	2
Q1030329	P162	Q54982412	1
Q1030329	P162	Q84310035	1
Q105543609	P162	Q1062083	1
Q105543609	P162	Q215380	1
Q134556	P162	Q1002697	1
Q134556	P162	Q12340140	1
Q134556	P162	Q134556	1
Q134556	P162	Q1456785	1
Q134556	P162	Q159979	1
Q134556	P162	Q16979650	1
Q134556	P162	Q20643955	1
Q134556	P162	Q2085381	1
Q134556	P162	Q58603552	1
Q134556	P162	Q783794	1
Q169930	P162	Q18127	1
Q169930	P162	Q5	1
Q170539	P162	Q5	1
Q2470219	P162	Q5	1
Q55850593	P162	Q5	1
Q58232557	P162	Q5	1
Q63412991	P162	Q5	1
Q7366	P162	Q1002697	1
Q7366	P162	Q12340140	1
Q7366	P162	Q16017119	1
Q7366	P162	Q2085381	1
Q7366	P162	Q37896028	1
Q7366	P162	Q58603552	1
Q7366	P162	Q71129815	1
Q7366	P162	Q783794	1
Q748289	P162	Q5	1
Q7725634	P162	Q5	1
Q134556	P1625	Q105543609	2
Q7366	P1625	Q105543609	2
Q134556	P1625	Q134556	1
Q134556	P1625	Q15079786	1
Q134556	P166	Q38033430	52
Q134556	P166	Q618779	24
Q134556	P166	Q241365	20
Q7366	P166	Q38033430	18
Q134556	P166	Q1364556	11
Q134556	P166	Q41254	10
Q134556	P166	Q96474678	9
Q7366	P166	Q618779	8
Q134556	P166	Q107655869	7
Q7366	P166	Q107655869	5
Q7366	P166	Q241365	5
Q7366	P166	Q41254	5
Q134556	P166	Q106592862	4
Q134556	P166	Q15275719	4
Q134556	P166	Q19020	4
Q7366	P166	Q1364556	4
Q7366	P166	Q96474678	4
Q134556	P166	Q56116950	3
Q134556	P166	Q795848	3
Q134556	P166	Q8513	3
Q134556	P166	Q1011547	2
Q134556	P166	Q1046088	2
Q134556	P166	Q110145	2
Q134556	P166	Q15416	2
Q134556	P166	Q392565	2
Q134556	P166	Q40024	2
Q7366	P166	Q106592862	2
Q7366	P166	Q15416	2
Q7366	P166	Q392565	2
Q7366	P166	Q795848	2
Q134556	P166	Q100707163	1
Q134556	P166	Q106594041	1
Q134556	P166	Q107547950	1
Q134556	P166	Q1153257	1
Q134556	P166	Q732997	1
Q134556	P166	Q7585305	1
Q134556	P166	Q868557	1
Q13582719	P166	Q618779	1
Q7366	P166	Q100707163	1
Q7366	P166	Q1046088	1
Q7366	P166	Q106594041	1
Q7366	P166	Q110145	1
Q7366	P166	Q19020	1
Q7366	P166	Q40024	1
Q7366	P166	Q732997	1
Q7366	P166	Q7585305	1
Q7366	P166	Q8513	1
Q134556	P17	Q6256	89
Q134556	P17	Q3624078	86
Q134556	P17	Q512187	44
Q134556	P17	Q1520223	30
Q134556	P17	Q1489259	29
Q134556	P17	Q5255892	29
Q134556	P17	Q99541706	29
Q134556	P17	Q202686	24
Q134556	P17	Q112099	22
Q134556	P17	Q20181813	22
Q134556	P17	Q1250464	18
Q7366	P17	Q6256	18
Q134556	P17	Q4209223	17
Q7366	P17	Q3624078	16
Q134556	P17	Q859563	12
Q7366	P17	Q512187	10
Q134556	P17	Q63791824	8
Q134556	P17	Q223832	7
Q134556	P17	Q43702	7
Q134556	P17	Q7270	7
Q134556	P17	Q7275	7
Q7366	P17	Q1489259	6
Q7366	P17	Q1520223	6
Q7366	P17	Q5255892	6
Q7366	P17	Q99541706	6
Q7366	P17	Q63791824	5
Q134556	P17	Q123480	4
Q134556	P17	Q179164	4
Q7366	P17	Q20181813	4
Q134556	P17	Q6266	3
Q134556	P17	Q66724388	3
Q7366	P17	Q179164	3
Q7366	P17	Q4209223	3
Q7366	P17	Q859563	3
Q134556	P17	Q51576574	2
Q7366	P17	Q1250464	2
Q7366	P17	Q51576574	2
Q7366	P17	Q66724388	2
Q7366	P17	Q7275	2
Q134556	P17	Q1351282	1
Q134556	P17	Q619610	1
Q134556	P17	Q63438000	1
Q207628	P17	Q112099	1
Q207628	P17	Q1250464	1
Q207628	P17	Q20181813	1
Q207628	P17	Q202686	1
Q207628	P17	Q3624078	1
Q207628	P17	Q6256	1
Q482994	P17	Q1489259	1
Q482994	P17	Q1520223	1
Q482994	P17	Q3624078	1
Q482994	P17	Q512187	1
Q482994	P17	Q5255892	1
Q482994	P17	Q6256	1
Q482994	P17	Q99541706	1
Q7366	P17	Q112099	1
Q7366	P17	Q202686	1
Q7366	P17	Q6266	1
Q7366	P17	Q7270	1
Q134556	P170	Q5	8
Q134556	P170	Q215380	2
Q7366	P170	Q5	2
Q134556	P170	Q215048	1
Q7366	P170	Q215048	1
Q7366	P170	Q215380	1
Q134556	P175	Q5	11414
Q134556	P175	Q215380	6931
Q134556	P175	Q5741069	1854
Q7366	P175	Q5	1314
Q134556	P175	Q9212979	683
Q7366	P175	Q215380	512
Q134556	P175	Q641066	206
Q7366	P175	Q5741069	176
Q134556	P175	Q216337	166
Q134556	P175	Q11446438	114
Q134556	P175	Q56816954	98
Q134556	P175	Q120544	82
Q134556	P175	Q16979650	63
Q134556	P175	Q14073567	58
Q134556	P175	Q2088357	58
Q134556	P175	Q281643	46
Q7366	P175	Q9212979	46
Q134556	P175	Q215048	35
Q134556	P175	Q15851525	31
Q134556	P175	Q3046146	29
Q134556	P175	Q159979	28
Q134556	P175	Q1062083	27
Q134556	P175	Q108424578	26
Q134556	P175	Q71129815	26
Q7366	P175	Q641066	26
Q134556	P175	Q58603552	24
Q134556	P175	Q2301325	22
Q134556	P175	Q7623897	22
Q134556	P175	Q19832242	21
Q105543609	P175	Q5	20
Q134556	P175	Q64514668	19
Q134556	P175	Q3736859	18
Q7302866	P175	Q5	17
Q482994	P175	Q215380	16
Q105543609	P175	Q215380	15
Q169930	P175	Q215380	15
Q134556	P175	Q10648343	14
Q7366	P175	Q216337	13
Q134556	P175	Q2707384	12
Q7366	P175	Q11446438	12
Q134556	P175	Q37896028	11
Q134556	P175	Q482994	11
Q7366	P175	Q56816954	11
Q134556	P175	Q11072804	10
Q134556	P175	Q7558495	10
Q482994	P175	Q5	10
Q7366	P175	Q159979	10
Q134556	P175	Q18510489	9
Q134556	P175	Q19464263	9
Q134556	P175	Q2491498	9
Q134556	P175	Q84310035	9
Q105543609	P175	Q5741069	8
Q134556	P175	Q4167410	8
Q134556	P175	Q5398426	8
Q7366	P175	Q1062083	8
Q7366	P175	Q215048	8
Q7366	P175	Q71129815	8
Q134556	P175	Q215627	7
Q134556	P175	Q19464251	6
Q134556	P175	Q201662	6
Q134556	P175	Q4686758	6
Q134556	P175	Q95074	6
Q169930	P175	Q5	6
Q169930	P175	Q5741069	6
Q482994	P175	Q5741069	6
Q7366	P175	Q14073567	6
Q7366	P175	Q2088357	6
Q7366	P175	Q281643	6
Q1193470	P175	Q5	5
Q134556	P175	Q1141470	5
Q134556	P175	Q101430687	4
Q134556	P175	Q15773317	4
Q134556	P175	Q18127	4
Q134556	P175	Q2393314	4
Q134556	P175	Q43229	4
Q134556	P175	Q54982412	4
Q134556	P175	Q66442954	4
Q134556	P175	Q7247847	4
Q134556	P175	Q814344	4
Q482994	P175	Q9212979	4
Q7302866	P175	Q215380	4
Q7302866	P175	Q5741069	4
Q7366	P175	Q15851525	4
Q134556	P175	Q14756018	3
Q134556	P175	Q27272451	3
Q134556	P175	Q2985549	3
Q134556	P175	Q476028	3
Q134556	P175	Q55740544	3
Q134556	P175	Q6619719	3
Q134556	P175	Q6979593	3
Q207628	P175	Q215380	3
Q7366	P175	Q16979650	3
Q7366	P175	Q2301325	3
Q7366	P175	Q58603552	3
Q105543609	P175	Q15851525	2
Q134556	P175	Q109289221	2
Q134556	P175	Q134556	2
Q134556	P175	Q1400264	2
Q134556	P175	Q16521	2
Q134556	P175	Q17486927	2
Q134556	P175	Q18444336	2
Q134556	P175	Q19314966	2
Q134556	P175	Q211236	2
Q134556	P175	Q22808320	2
Q134556	P175	Q61002	2
Q134556	P175	Q65115256	2
Q207628	P175	Q5	2
Q2188189	P175	Q5	2
Q59847891	P175	Q5741069	2
Q63412991	P175	Q5	2
Q7366	P175	Q120544	2
Q7366	P175	Q18127	2
Q7366	P175	Q19464251	2
Q7366	P175	Q2707384	2
Q7366	P175	Q3046146	2
Q7366	P175	Q482994	2
Q7366	P175	Q5398426	2
Q7725634	P175	Q5	2
Q1030329	P175	Q1141470	1
Q1030329	P175	Q215380	1
Q1030329	P175	Q5	1
Q105543609	P175	Q1062083	1
Q105543609	P175	Q11072804	1
Q105543609	P175	Q159979	1
Q105543609	P175	Q2088357	1
Q11424	P175	Q5	1
Q1151663	P175	Q215380	1
Q1193470	P175	Q215380	1
Q1193470	P175	Q9212979	1
Q133661	P175	Q215380	1
Q134556	P175	Q10269077	1
Q134556	P175	Q105815710	1
Q134556	P175	Q106652786	1
Q134556	P175	Q1077965	1
Q134556	P175	Q1135557	1
Q134556	P175	Q11424	1
Q134556	P175	Q1164847	1
Q134556	P175	Q12308941	1
Q134556	P175	Q131186	1
Q134556	P175	Q13473501	1
Q134556	P175	Q14897293	1
Q134556	P175	Q1542343	1
Q134556	P175	Q15632617	1
Q134556	P175	Q1569167	1
Q134556	P175	Q15773347	1
Q134556	P175	Q16017119	1
Q134556	P175	Q163740	1
Q134556	P175	Q1684352	1
Q134556	P175	Q17339814	1
Q134556	P175	Q1792372	1
Q134556	P175	Q179461	1
Q134556	P175	Q18670161	1
Q134556	P175	Q19351429	1
Q134556	P175	Q2095173	1
Q134556	P175	Q223393	1
Q134556	P175	Q239582	1
Q134556	P175	Q24229398	1
Q134556	P175	Q26887310	1
Q134556	P175	Q26895936	1
Q134556	P175	Q28020127	1
Q134556	P175	Q29881657	1
Q134556	P175	Q36834	1
Q134556	P175	Q389888	1
Q134556	P175	Q47461344	1
Q134556	P175	Q4830453	1
Q134556	P175	Q506240	1
Q134556	P175	Q521987	1
Q134556	P175	Q64596595	1
Q134556	P175	Q6942541	1
Q134556	P175	Q7366	1
Q134556	P175	Q8436	1
Q134556	P175	Q89349539	1
Q134556	P175	Q89349965	1
Q134556	P175	Q988108	1
Q13582719	P175	Q215380	1
Q1366112	P175	Q5	1
Q1399352	P175	Q5	1
Q16909656	P175	Q18510489	1
Q16909656	P175	Q19314966	1
Q169930	P175	Q1135557	1
Q169930	P175	Q11446438	1
Q169930	P175	Q1400264	1
Q169930	P175	Q641066	1
Q169930	P175	Q64514668	1
Q17009617	P175	Q5	1
Q170539	P175	Q5	1
Q182659	P175	Q215380	1
Q193977	P175	Q215380	1
Q207628	P175	Q5741069	1
Q24255514	P175	Q5	1
Q2470219	P175	Q215380	1
Q482994	P175	Q1062083	1
Q482994	P175	Q216337	1
Q506240	P175	Q5	1
Q5151790	P175	Q215380	1
Q55850593	P175	Q2088357	1
Q55850593	P175	Q5	1
Q56599584	P175	Q215380	1
Q56599584	P175	Q5741069	1
Q571	P175	Q215380	1
Q58232557	P175	Q215380	1
Q58232557	P175	Q5741069	1
Q59847891	P175	Q56816954	1
Q65598478	P175	Q5	1
Q65598478	P175	Q9212979	1
Q719645	P175	Q216337	1
Q7302866	P175	Q56816954	1
Q7302866	P175	Q9212979	1
Q7366	P175	Q101430687	1
Q7366	P175	Q10648343	1
Q7366	P175	Q108424578	1
Q7366	P175	Q11072804	1
Q7366	P175	Q1141470	1
Q7366	P175	Q1164847	1
Q7366	P175	Q13473501	1
Q7366	P175	Q14756018	1
Q7366	P175	Q1569167	1
Q7366	P175	Q15773317	1
Q7366	P175	Q15773347	1
Q7366	P175	Q16521	1
Q7366	P175	Q1684352	1
Q7366	P175	Q18510489	1
Q7366	P175	Q18670161	1
Q7366	P175	Q3736859	1
Q7366	P175	Q37896028	1
Q7366	P175	Q43229	1
Q7366	P175	Q47461344	1
Q7366	P175	Q476028	1
Q7366	P175	Q7558495	1
Q7366	P175	Q814344	1
Q7366	P175	Q89349539	1
Q7366	P175	Q89349965	1
Q7366	P175	Q95074	1
Q748289	P175	Q5	1
Q7725634	P175	Q5741069	1
Q873000	P175	Q5	1
Q134556	P176	Q5	1
Q134556	P179	Q482994	1
Q134556	P179	Q7725310	1
Q24255514	P179	Q7725310	1
Q134556	P180	Q1549591	3
Q134556	P180	Q515	3
Q7366	P180	Q1549591	3
Q7366	P180	Q515	3
Q134556	P180	Q1093829	2
Q134556	P180	Q13218391	2
Q134556	P180	Q3301053	2
Q134556	P180	Q3559093	2
Q7366	P180	Q1093829	2
Q7366	P180	Q13218391	2
Q7366	P180	Q3301053	2
Q7366	P180	Q3559093	2
Q134556	P180	Q13539802	1
Q134556	P180	Q17334923	1
Q134556	P180	Q1852859	1
Q134556	P180	Q2264924	1
Q134556	P180	Q5119	1
Q134556	P180	Q98645843	1
Q7366	P180	Q13539802	1
Q7366	P180	Q17334923	1
Q7366	P180	Q1852859	1
Q7366	P180	Q2264924	1
Q7366	P180	Q5119	1
Q7366	P180	Q98645843	1
Q134556	P1889	Q4167410	180
Q134556	P1889	Q134556	147
Q134556	P1889	Q482994	75
Q7366	P1889	Q4167410	60
Q134556	P1889	Q105543609	52
Q134556	P1889	Q11424	32
Q7366	P1889	Q134556	24
Q134556	P1889	Q215380	18
Q7366	P1889	Q482994	18
Q134556	P1889	Q7366	14
Q7366	P1889	Q105543609	11
Q134556	P1889	Q5398426	9
Q134556	P1889	Q169930	7
Q7366	P1889	Q11424	7
Q134556	P1889	Q24862	6
Q134556	P1889	Q5	5
Q134556	P1889	Q21191270	4
Q134556	P1889	Q7725634	4
Q134556	P1889	Q15416	3
Q134556	P1889	Q7889	3
Q105543609	P1889	Q134556	2
Q134556	P1889	Q10590726	2
Q134556	P1889	Q12737077	2
Q134556	P1889	Q15632617	2
Q134556	P1889	Q23442	2
Q134556	P1889	Q58483083	2
Q7366	P1889	Q5398426	2
Q7366	P1889	Q7366	2
Q105543609	P1889	Q105543609	1
Q105543609	P1889	Q11424	1
Q11424	P1889	Q11424	1
Q1193470	P1889	Q134556	1
Q134556	P1889	Q1004	1
Q134556	P1889	Q101352	1
Q134556	P1889	Q10210	1
Q134556	P1889	Q107357104	1
Q134556	P1889	Q108171565	1
Q134556	P1889	Q11879590	1
Q134556	P1889	Q1259759	1
Q134556	P1889	Q13442814	1
Q134556	P1889	Q14406742	1
Q134556	P1889	Q14514600	1
Q134556	P1889	Q155171	1
Q134556	P1889	Q16521	1
Q134556	P1889	Q16658194	1
Q134556	P1889	Q16659620	1
Q134556	P1889	Q1667921	1
Q134556	P1889	Q17517379	1
Q134556	P1889	Q17634997	1
Q134556	P1889	Q18127	1
Q134556	P1889	Q188725	1
Q134556	P1889	Q1993624	1
Q134556	P1889	Q20667187	1
Q134556	P1889	Q210167	1
Q134556	P1889	Q21192438	1
Q134556	P1889	Q21198342	1
Q134556	P1889	Q216337	1
Q134556	P1889	Q220505	1
Q134556	P1889	Q22808320	1
Q134556	P1889	Q23012917	1
Q134556	P1889	Q23691	1
Q134556	P1889	Q2389789	1
Q134556	P1889	Q24337101	1
Q134556	P1889	Q277759	1
Q134556	P1889	Q2831984	1
Q134556	P1889	Q3241972	1
Q134556	P1889	Q3257686	1
Q134556	P1889	Q326124	1
Q134556	P1889	Q33294038	1
Q134556	P1889	Q3658341	1
Q134556	P1889	Q3957	1
Q134556	P1889	Q399811	1
Q134556	P1889	Q4022	1
Q134556	P1889	Q41298	1
Q134556	P1889	Q4164871	1
Q134556	P1889	Q431289	1
Q134556	P1889	Q47461344	1
Q134556	P1889	Q47519813	1
Q134556	P1889	Q50386450	1
Q134556	P1889	Q506240	1
Q134556	P1889	Q5185279	1
Q134556	P1889	Q561068	1
Q134556	P1889	Q63952888	1
Q134556	P1889	Q66808903	1
Q134556	P1889	Q6888088	1
Q134556	P1889	Q7058673	1
Q134556	P1889	Q7164110	1
Q134556	P1889	Q9212979	1
Q207628	P1889	Q105543609	1
Q207628	P1889	Q3257686	1
Q482994	P1889	Q134556	1
Q482994	P1889	Q24862	1
Q7302866	P1889	Q134556	1
Q7366	P1889	Q10590726	1
Q7366	P1889	Q107357104	1
Q7366	P1889	Q108171565	1
Q7366	P1889	Q12737077	1
Q7366	P1889	Q15632617	1
Q7366	P1889	Q169930	1
Q7366	P1889	Q17517379	1
Q7366	P1889	Q1993624	1
Q7366	P1889	Q21191270	1
Q7366	P1889	Q215380	1
Q7366	P1889	Q216337	1
Q7366	P1889	Q2389789	1
Q7366	P1889	Q3658341	1
Q7366	P1889	Q5	1
Q7366	P1889	Q5185279	1
Q7366	P1889	Q66808903	1
Q7366	P1889	Q9212979	1
Q7725634	P1889	Q7725634	1
Q134556	P195	Q108860593	10
Q134556	P195	Q207694	10
Q7366	P195	Q108860593	4
Q7366	P195	Q207694	4
Q134556	P2283	Q21198342	1
Q134556	P2283	Q63952888	1
Q134556	P2291	Q373899	33
Q7366	P2291	Q373899	14
Q134556	P2291	Q526719	3
Q134556	P2291	Q1555508	1
Q1193470	P2522	Q38033430	1
Q1193470	P2522	Q40024	1
Q1193470	P2522	Q96474678	1
Q134556	P2522	Q38033430	1
Q134556	P2522	Q40024	1
Q134556	P2522	Q96474678	1
Q134556	P2550	Q105543609	1
Q17009617	P2550	Q105543609	1
Q134556	P264	Q18127	18434
Q134556	P264	Q2442401	2436
Q7366	P264	Q18127	1766
Q134556	P264	Q167270	1410
Q134556	P264	Q4830453	1227
Q134556	P264	Q24229398	1158
Q134556	P264	Q219577	535
Q134556	P264	Q6881511	522
Q134556	P264	Q1589009	491
Q134556	P264	Q21484471	477
Q134556	P264	Q891723	437
Q134556	P264	Q1660312	400
Q7366	P264	Q2442401	297
Q134556	P264	Q2608849	259
Q134556	P264	Q1542343	166
Q134556	P264	Q783794	154
Q134556	P264	Q20739124	140
Q7366	P264	Q167270	140
Q7366	P264	Q4830453	140
Q134556	P264	Q1917775	136
Q7366	P264	Q24229398	109
Q134556	P264	Q169534	93
Q134556	P264	Q48748864	81
Q134556	P264	Q1762059	78
Q134556	P264	Q778575	77
Q7366	P264	Q1660312	76
Q7366	P264	Q891723	67
Q134556	P264	Q32178211	62
Q7366	P264	Q219577	62
Q7366	P264	Q6881511	61
Q7366	P264	Q1589009	59
Q134556	P264	Q5354754	58
Q7366	P264	Q21484471	58
Q134556	P264	Q5	48
Q134556	P264	Q1107679	47
Q134556	P264	Q1916382	44
Q134556	P264	Q1331793	43
Q134556	P264	Q658255	41
Q134556	P264	Q1137109	39
Q105543609	P264	Q18127	37
Q134556	P264	Q11294827	31
Q482994	P264	Q18127	26
Q7366	P264	Q2608849	26
Q7302866	P264	Q18127	25
Q134556	P264	Q1616075	23
Q134556	P264	Q1254874	20
Q134556	P264	Q746369	20
Q169930	P264	Q18127	20
Q134556	P264	Q1061197	18
Q134556	P264	Q19720190	16
Q7366	P264	Q783794	16
Q134556	P264	Q215380	15
Q134556	P264	Q43229	15
Q7366	P264	Q1542343	14
Q7366	P264	Q48748864	14
Q7366	P264	Q20739124	13
Q134556	P264	Q134556	12
Q134556	P264	Q4167410	11
Q7366	P264	Q5354754	9
Q134556	P264	Q10689397	8
Q7366	P264	Q1916382	8
Q7366	P264	Q1061197	7
Q7366	P264	Q1254874	7
Q7366	P264	Q1616075	7
Q7366	P264	Q1762059	7
Q7366	P264	Q658255	7
Q7366	P264	Q778575	7
Q1193470	P264	Q18127	6
Q134556	P264	Q375336	6
Q7366	P264	Q1917775	6
Q105543609	P264	Q2442401	5
Q134556	P264	Q431289	5
Q134556	P264	Q46970	5
Q7366	P264	Q32178211	5
Q7366	P264	Q746369	5
Q105543609	P264	Q167270	4
Q134556	P264	Q12540664	4
Q134556	P264	Q5741069	4
Q134556	P264	Q59163902	4
Q207628	P264	Q18127	4
Q7366	P264	Q1107679	4
Q7366	P264	Q1331793	4
Q7366	P264	Q169534	4
Q7366	P264	Q5	4
Q105543609	P264	Q24229398	3
Q1193470	P264	Q2442401	3
Q134556	P264	Q11396960	3
Q134556	P264	Q1914636	3
Q134556	P264	Q2085381	3
Q134556	P264	Q210167	3
Q134556	P264	Q334453	3
Q134556	P264	Q3408368	3
Q482994	P264	Q1589009	3
Q482994	P264	Q219577	3
Q482994	P264	Q2442401	3
Q482994	P264	Q4830453	3
Q59847891	P264	Q18127	3
Q7302866	P264	Q20739124	3
Q7366	P264	Q11294827	3
Q1193470	P264	Q891723	2
Q134556	P264	Q1001388	2
Q134556	P264	Q1047437	2
Q134556	P264	Q107317889	2
Q134556	P264	Q14350	2
Q134556	P264	Q19361238	2
Q134556	P264	Q197952	2
Q134556	P264	Q2243978	2
Q134556	P264	Q25894868	2
Q134556	P264	Q31838711	2
Q134556	P264	Q368290	2
Q134556	P264	Q59913930	2
Q134556	P264	Q7247847	2
Q134556	P264	Q867147	2
Q207628	P264	Q2442401	2
Q2188189	P264	Q18127	2
Q482994	P264	Q1542343	2
Q482994	P264	Q167270	2
Q55850593	P264	Q18127	2
Q56599584	P264	Q18127	2
Q58232557	P264	Q18127	2
Q7366	P264	Q11396960	2
Q7366	P264	Q375336	2
Q7366	P264	Q5741069	2
Q7725634	P264	Q18127	2
Q1030329	P264	Q167270	1
Q1030329	P264	Q18127	1
Q105543609	P264	Q1762059	1
Q105543609	P264	Q21484471	1
Q105543609	P264	Q4830453	1
Q105543609	P264	Q658255	1
Q105543609	P264	Q6881511	1
Q105543609	P264	Q891723	1
Q11424	P264	Q18127	1
Q1193470	P264	Q167270	1
Q1193470	P264	Q24229398	1
Q133661	P264	Q18127	1
Q134556	P264	Q104437412	1
Q134556	P264	Q105543609	1
Q134556	P264	Q106192073	1
Q134556	P264	Q11344	1
Q134556	P264	Q11424	1
Q134556	P264	Q11514315	1
Q134556	P264	Q1248784	1
Q134556	P264	Q1255441	1
Q134556	P264	Q134041	1
Q134556	P264	Q13406463	1
Q134556	P264	Q14623646	1
Q134556	P264	Q147538	1
Q134556	P264	Q15590336	1
Q134556	P264	Q15773317	1
Q134556	P264	Q16323605	1
Q134556	P264	Q163740	1
Q134556	P264	Q166142	1
Q134556	P264	Q17004679	1
Q134556	P264	Q170156	1
Q134556	P264	Q17544377	1
Q134556	P264	Q17558136	1
Q134556	P264	Q1824338	1
Q134556	P264	Q187588	1
Q134556	P264	Q187661	1
Q134556	P264	Q19307174	1
Q134556	P264	Q20857065	1
Q134556	P264	Q2088357	1
Q134556	P264	Q210337	1
Q134556	P264	Q21980538	1
Q134556	P264	Q22989102	1
Q134556	P264	Q240795	1
Q134556	P264	Q24579448	1
Q134556	P264	Q24657198	1
Q134556	P264	Q2510436	1
Q134556	P264	Q2512777	1
Q134556	P264	Q2659904	1
Q134556	P264	Q2738074	1
Q134556	P264	Q28820001	1
Q134556	P264	Q3024240	1
Q134556	P264	Q35127	1
Q134556	P264	Q3719391	1
Q134556	P264	Q40056	1
Q134556	P264	Q41710	1
Q134556	P264	Q482994	1
Q134556	P264	Q511056	1
Q134556	P264	Q526877	1
Q134556	P264	Q55427774	1
Q134556	P264	Q55427776	1
Q134556	P264	Q573607	1
Q134556	P264	Q58045183	1
Q134556	P264	Q622425	1
Q134556	P264	Q6942541	1
Q134556	P264	Q726	1
Q134556	P264	Q726870	1
Q134556	P264	Q7275	1
Q134556	P264	Q72941151	1
Q134556	P264	Q7366	1
Q134556	P264	Q81935689	1
Q134556	P264	Q829548	1
Q134556	P264	Q84310035	1
Q134556	P264	Q9212979	1
Q134556	P264	Q94993988	1
Q13582719	P264	Q167270	1
Q13582719	P264	Q18127	1
Q13582719	P264	Q24229398	1
Q1366112	P264	Q18127	1
Q1366112	P264	Q48748864	1
Q1399352	P264	Q18127	1
Q16909656	P264	Q18127	1
Q169930	P264	Q1589009	1
Q169930	P264	Q167270	1
Q169930	P264	Q219577	1
Q169930	P264	Q24229398	1
Q169930	P264	Q2442401	1
Q169930	P264	Q4830453	1
Q169930	P264	Q48748864	1
Q17009617	P264	Q2442401	1
Q182659	P264	Q18127	1
Q193977	P264	Q11294827	1
Q193977	P264	Q4830453	1
Q193977	P264	Q6881511	1
Q193977	P264	Q778575	1
Q193977	P264	Q891723	1
Q207628	P264	Q1660312	1
Q207628	P264	Q658255	1
Q2188189	P264	Q2442401	1
Q24255514	P264	Q1660312	1
Q24255514	P264	Q2442401	1
Q2470219	P264	Q1660312	1
Q2470219	P264	Q18127	1
Q2470219	P264	Q2442401	1
Q482994	P264	Q169534	1
Q482994	P264	Q1917775	1
Q482994	P264	Q24229398	1
Q482994	P264	Q5354754	1
Q482994	P264	Q891723	1
Q506240	P264	Q167270	1
Q506240	P264	Q18127	1
Q506240	P264	Q24229398	1
Q5151790	P264	Q167270	1
Q5151790	P264	Q18127	1
Q56599584	P264	Q167270	1
Q56599584	P264	Q24229398	1
Q56599584	P264	Q2442401	1
Q63412991	P264	Q526877	1
Q65598478	P264	Q18127	1
Q719645	P264	Q18127	1
Q719645	P264	Q5354754	1
Q7302866	P264	Q167270	1
Q7302866	P264	Q24229398	1
Q7302866	P264	Q2442401	1
Q7366	P264	Q10689397	1
Q7366	P264	Q1137109	1
Q7366	P264	Q134556	1
Q7366	P264	Q15773317	1
Q7366	P264	Q170156	1
Q7366	P264	Q19720190	1
Q7366	P264	Q21980538	1
Q7366	P264	Q334453	1
Q7366	P264	Q368290	1
Q7366	P264	Q431289	1
Q7366	P264	Q43229	1
Q7366	P264	Q829548	1
Q7366	P264	Q867147	1
Q748289	P264	Q18127	1
Q873000	P264	Q18127	1
Q873000	P264	Q4830453	1
Q873000	P264	Q783794	1
Q134556	P2670	Q327968	1
Q134556	P272	Q1107679	1
Q134556	P272	Q18127	1
Q134556	P272	Q215380	1
Q134556	P272	Q4830453	1
Q134556	P272	Q783794	1
Q7366	P272	Q1107679	1
Q7366	P272	Q18127	1
Q7366	P272	Q4830453	1
Q7366	P272	Q783794	1
Q134556	P276	Q110288240	1
Q134556	P291	Q6256	108
Q134556	P291	Q3624078	106
Q134556	P291	Q112099	69
Q134556	P291	Q1520223	32
Q134556	P291	Q20181813	32
Q134556	P291	Q512187	31
Q134556	P291	Q5255892	31
Q134556	P291	Q1489259	30
Q134556	P291	Q99541706	30
Q134556	P291	Q1250464	29
Q134556	P291	Q202686	28
Q134556	P291	Q11514315	4
Q134556	P291	Q17544377	4
Q134556	P291	Q3024240	4
Q134556	P291	Q7270	4
Q134556	P291	Q7275	4
Q134556	P291	Q51576574	3
Q134556	P291	Q82794	3
Q134556	P291	Q15304003	2
Q134556	P291	Q179164	2
Q134556	P291	Q223832	2
Q134556	P291	Q2418896	2
Q134556	P291	Q43702	2
Q134556	P291	Q5107	2
Q134556	P291	Q63791824	2
Q134556	P291	Q123705	1
Q134556	P291	Q1309121	1
Q134556	P291	Q185441	1
Q134556	P291	Q23442	1
Q134556	P291	Q465613	1
Q58232557	P291	Q1489259	1
Q58232557	P291	Q1520223	1
Q58232557	P291	Q3624078	1
Q58232557	P291	Q512187	1
Q58232557	P291	Q5255892	1
Q58232557	P291	Q6256	1
Q58232557	P291	Q99541706	1
Q59847891	P291	Q1489259	1
Q59847891	P291	Q1520223	1
Q59847891	P291	Q3624078	1
Q59847891	P291	Q512187	1
Q59847891	P291	Q5255892	1
Q59847891	P291	Q6256	1
Q59847891	P291	Q99541706	1
Q7366	P291	Q15304003	1
Q7366	P291	Q23442	1
Q7366	P291	Q6256	1
Q134556	P3440	Q155234	2
Q134556	P3440	Q5315936	2
Q7366	P3440	Q155234	2
Q7366	P3440	Q5315936	2
Q134556	P361	Q482994	17078
Q7366	P361	Q482994	1631
Q134556	P361	Q169930	165
Q134556	P361	Q4167410	129
Q134556	P361	Q59248059	120
Q134556	P361	Q11424	78
Q134556	P361	Q5	51
Q134556	P361	Q134556	41
Q134556	P361	Q215380	28
Q105543609	P361	Q482994	27
Q7366	P361	Q169930	25
Q7302866	P361	Q482994	24
Q134556	P361	Q1997853	23
Q482994	P361	Q482994	20
Q7366	P361	Q11424	11
Q134556	P361	Q58483083	9
Q7366	P361	Q4167410	9
Q134556	P361	Q29168811	8
Q134556	P361	Q105543609	7
Q134556	P361	Q7889	7
Q7366	P361	Q5	7
Q134556	P361	Q104635718	6
Q134556	P361	Q110288240	6
Q134556	P361	Q229390	6
Q169930	P361	Q482994	6
Q134556	P361	Q273057	5
Q134556	P361	Q5398426	5
Q134556	P361	Q5741069	5
Q134556	P361	Q98645843	5
Q7366	P361	Q215380	5
Q134556	P361	Q10590726	4
Q134556	P361	Q24869	4
Q134556	P361	Q59854802	4
Q7366	P361	Q110288240	4
Q7366	P361	Q1997853	4
Q7366	P361	Q58483083	4
Q1193470	P361	Q482994	3
Q134556	P361	Q108040195	3
Q134556	P361	Q17518461	3
Q134556	P361	Q2031291	3
Q134556	P361	Q59913930	3
Q134556	P361	Q7725634	3
Q207628	P361	Q482994	3
Q59847891	P361	Q482994	3
Q7725634	P361	Q482994	3
Q134556	P361	Q1075	2
Q134556	P361	Q166902	2
Q134556	P361	Q17438413	2
Q134556	P361	Q1792379	2
Q134556	P361	Q20202269	2
Q134556	P361	Q2088357	2
Q134556	P361	Q22808320	2
Q134556	P361	Q24862	2
Q134556	P361	Q249556	2
Q134556	P361	Q394970	2
Q134556	P361	Q47461344	2
Q134556	P361	Q56053097	2
Q134556	P361	Q59557805	2
Q134556	P361	Q7366	2
Q134556	P361	Q9212979	2
Q55850593	P361	Q482994	2
Q56599584	P361	Q482994	2
Q7366	P361	Q2031291	2
Q7366	P361	Q229390	2
Q7366	P361	Q29168811	2
Q7366	P361	Q5741069	2
Q11424	P361	Q229390	1
Q11424	P361	Q29168811	1
Q1193470	P361	Q188451	1
Q133661	P361	Q482994	1
Q134556	P361	Q100748418	1
Q134556	P361	Q104437412	1
Q134556	P361	Q10617810	1
Q134556	P361	Q112099	1
Q134556	P361	Q1130279	1
Q134556	P361	Q11332699	1
Q134556	P361	Q11344	1
Q134556	P361	Q11707	1
Q134556	P361	Q1173065	1
Q134556	P361	Q11879590	1
Q134556	P361	Q120544	1
Q134556	P361	Q15416	1
Q134556	P361	Q1555508	1
Q134556	P361	Q1619206	1
Q134556	P361	Q16323605	1
Q134556	P361	Q16354816	1
Q134556	P361	Q16979650	1
Q134556	P361	Q170584	1
Q134556	P361	Q17339814	1
Q134556	P361	Q179164	1
Q134556	P361	Q180152	1
Q134556	P361	Q18089587	1
Q134556	P361	Q18127	1
Q134556	P361	Q188451	1
Q134556	P361	Q19464251	1
Q134556	P361	Q19603939	1
Q134556	P361	Q19610271	1
Q134556	P361	Q20671381	1
Q134556	P361	Q21073023	1
Q134556	P361	Q214609	1
Q134556	P361	Q219557	1
Q134556	P361	Q221295	1
Q134556	P361	Q24334893	1
Q134556	P361	Q2491498	1
Q134556	P361	Q261636	1
Q134556	P361	Q277759	1
Q134556	P361	Q281643	1
Q134556	P361	Q28968258	1
Q134556	P361	Q3046146	1
Q134556	P361	Q309170	1
Q134556	P361	Q3624078	1
Q134556	P361	Q37484	1
Q134556	P361	Q375011	1
Q134556	P361	Q41710	1
Q134556	P361	Q4263830	1
Q134556	P361	Q429795	1
Q134556	P361	Q4373292	1
Q134556	P361	Q5151485	1
Q134556	P361	Q5373787	1
Q134556	P361	Q581714	1
Q134556	P361	Q58878072	1
Q134556	P361	Q59864470	1
Q134556	P361	Q6256	1
Q134556	P361	Q64341971	1
Q134556	P361	Q6619693	1
Q134556	P361	Q66739237	1
Q134556	P361	Q751989	1
Q134556	P361	Q80071	1
Q134556	P361	Q82821	1
Q134556	P361	Q849866	1
Q13582719	P361	Q482994	1
Q1366112	P361	Q482994	1
Q1399352	P361	Q482994	1
Q169930	P361	Q169930	1
Q17009617	P361	Q482994	1
Q193977	P361	Q482994	1
Q2188189	P361	Q482994	1
Q24255514	P361	Q482994	1
Q24255514	P361	Q98645843	1
Q2470219	P361	Q482994	1
Q58232557	P361	Q59248059	1
Q7366	P361	Q100748418	1
Q7366	P361	Q11707	1
Q7366	P361	Q134556	1
Q7366	P361	Q15416	1
Q7366	P361	Q1619206	1
Q7366	P361	Q17518461	1
Q7366	P361	Q18089587	1
Q7366	P361	Q18127	1
Q7366	P361	Q19464251	1
Q7366	P361	Q221295	1
Q7366	P361	Q281643	1
Q7366	P361	Q309170	1
Q7366	P361	Q581714	1
Q7366	P361	Q58878072	1
Q7366	P361	Q59248059	1
Q7366	P361	Q98645843	1
Q748289	P361	Q482994	1
Q873000	P361	Q482994	1
Q134556	P366	Q5398426	1
Q134556	P3931	Q5	5
Q105543609	P3931	Q1917775	1
Q105543609	P3931	Q5	1
Q134556	P3931	Q18127	1
Q134556	P3931	Q1917775	1
Q134556	P3931	Q865588	1
Q7366	P3931	Q5	1
Q134556	P407	Q1288568	1680
Q134556	P407	Q34770	1676
Q134556	P407	Q33742	1467
Q7366	P407	Q1288568	532
Q7366	P407	Q34770	529
Q7366	P407	Q33742	483
Q105543609	P407	Q1288568	9
Q105543609	P407	Q33742	9
Q105543609	P407	Q34770	9
Q134556	P407	Q33384	8
Q134556	P407	Q661936	8
Q134556	P407	Q951873	8
Q134556	P407	Q152559	5
Q7366	P407	Q661936	4
Q207628	P407	Q1288568	3
Q207628	P407	Q33742	3
Q207628	P407	Q34770	3
Q482994	P407	Q1288568	3
Q482994	P407	Q33742	3
Q482994	P407	Q34770	3
Q59847891	P407	Q1288568	3
Q59847891	P407	Q33742	3
Q59847891	P407	Q34770	3
Q7302866	P407	Q1288568	3
Q7302866	P407	Q33742	3
Q7302866	P407	Q34770	3
Q7366	P407	Q152559	3
Q7366	P407	Q951873	3
Q105543609	P407	Q17376908	2
Q1193470	P407	Q33742	2
Q134556	P407	Q17376908	2
Q134556	P407	Q33289	2
Q134556	P407	Q4536543	2
Q169930	P407	Q1288568	2
Q169930	P407	Q34770	2
Q7366	P407	Q33384	2
Q7366	P407	Q4536543	2
Q1030329	P407	Q1288568	1
Q1030329	P407	Q33742	1
Q1030329	P407	Q34770	1
Q1193470	P407	Q1288568	1
Q1193470	P407	Q33384	1
Q1193470	P407	Q34770	1
Q1193470	P407	Q951873	1
Q134556	P407	Q11862829	1
Q134556	P407	Q15831596	1
Q134556	P407	Q171263	1
Q134556	P407	Q25295	1
Q134556	P407	Q33146	1
Q134556	P407	Q3329375	1
Q134556	P407	Q399495	1
Q1366112	P407	Q1288568	1
Q1366112	P407	Q34770	1
Q16909656	P407	Q1288568	1
Q16909656	P407	Q33742	1
Q16909656	P407	Q34770	1
Q169930	P407	Q33742	1
Q24255514	P407	Q1288568	1
Q24255514	P407	Q34770	1
Q5151790	P407	Q1288568	1
Q5151790	P407	Q33742	1
Q5151790	P407	Q34770	1
Q55850593	P407	Q1288568	1
Q55850593	P407	Q33742	1
Q55850593	P407	Q34770	1
Q56599584	P407	Q1288568	1
Q56599584	P407	Q33742	1
Q56599584	P407	Q34770	1
Q571	P407	Q1288568	1
Q571	P407	Q34770	1
Q571	P407	Q661936	1
Q7366	P407	Q15831596	1
Q7366	P407	Q171263	1
Q7366	P407	Q25295	1
Q7366	P407	Q33289	1
Q7366	P407	Q3329375	1
Q7366	P407	Q399495	1
Q7725634	P407	Q1288568	1
Q7725634	P407	Q33742	1
Q7725634	P407	Q34770	1
Q873000	P407	Q1288568	1
Q873000	P407	Q33742	1
Q873000	P407	Q34770	1
Q134556	P437	Q81941037	789
Q134556	P437	Q108037652	753
Q134556	P437	Q82036085	744
Q134556	P437	Q108040090	419
Q134556	P437	Q81935689	244
Q7366	P437	Q81941037	234
Q7366	P437	Q108037652	130
Q7366	P437	Q82036085	125
Q7366	P437	Q108040090	88
Q7366	P437	Q81935689	69
Q7302866	P437	Q81941037	19
Q134556	P437	Q59913930	14
Q134556	P437	Q317623	11
Q134556	P437	Q494823	11
Q7366	P437	Q59913930	5
Q482994	P437	Q81941037	3
Q7302866	P437	Q108040090	3
Q7366	P437	Q317623	3
Q7366	P437	Q494823	3
Q1030329	P437	Q81941037	2
Q105543609	P437	Q81935689	2
Q1193470	P437	Q108037652	2
Q1193470	P437	Q82036085	2
Q134556	P437	Q106043376	2
Q169930	P437	Q108037652	2
Q169930	P437	Q82036085	2
Q2188189	P437	Q81941037	2
Q7366	P437	Q106043376	2
Q1030329	P437	Q108040090	1
Q105543609	P437	Q108040090	1
Q11424	P437	Q81941037	1
Q134556	P437	Q108676140	1
Q134556	P437	Q27862865	1
Q134556	P437	Q81945865	1
Q1399352	P437	Q81941037	1
Q169930	P437	Q81935689	1
Q193977	P437	Q108037652	1
Q193977	P437	Q108040090	1
Q193977	P437	Q81941037	1
Q193977	P437	Q82036085	1
Q207628	P437	Q81941037	1
Q482994	P437	Q108040090	1
Q482994	P437	Q81935689	1
Q56599584	P437	Q108037652	1
Q56599584	P437	Q82036085	1
Q63412991	P437	Q81941037	1
Q719645	P437	Q108040090	1
Q748289	P437	Q108040090	1
Q748289	P437	Q81941037	1
Q134556	P4647	Q24354	1
Q7725634	P4647	Q24354	1
Q134556	P483	Q746369	62
Q7366	P483	Q746369	23
Q134556	P483	Q67605749	10
Q134556	P483	Q67604973	7
Q7366	P483	Q67605749	6
Q7366	P483	Q67604973	3
Q105543609	P483	Q67604973	1
Q105543609	P483	Q67605749	1
Q105543609	P483	Q746369	1
Q134556	P483	Q110071194	1
Q207628	P483	Q67604973	1
Q207628	P483	Q67605749	1
Q207628	P483	Q746369	1
Q134556	P495	Q6256	8208
Q134556	P495	Q3624078	8203
Q134556	P495	Q512187	7730
Q134556	P495	Q1520223	7720
Q134556	P495	Q5255892	7715
Q134556	P495	Q1489259	7699
Q134556	P495	Q99541706	7699
Q7366	P495	Q6256	909
Q7366	P495	Q3624078	908
Q7366	P495	Q512187	650
Q7366	P495	Q1520223	649
Q7366	P495	Q5255892	649
Q7366	P495	Q1489259	646
Q7366	P495	Q99541706	646
Q134556	P495	Q51576574	378
Q134556	P495	Q7270	359
Q134556	P495	Q20181813	248
Q7366	P495	Q51576574	224
Q7366	P495	Q7270	221
Q7366	P495	Q20181813	214
Q134556	P495	Q179164	147
Q134556	P495	Q619610	141
Q134556	P495	Q185145	123
Q134556	P495	Q1250464	47
Q134556	P495	Q202686	43
Q134556	P495	Q112099	38
Q134556	P495	Q43702	30
Q134556	P495	Q63791824	28
Q7366	P495	Q179164	26
Q134556	P495	Q223832	23
Q134556	P495	Q859563	22
Q134556	P495	Q4209223	21
Q134556	P495	Q6266	19
Q7302866	P495	Q3624078	18
Q7302866	P495	Q6256	18
Q7366	P495	Q202686	18
Q105543609	P495	Q3624078	17
Q105543609	P495	Q6256	17
Q7302866	P495	Q1489259	17
Q7302866	P495	Q1520223	17
Q7302866	P495	Q512187	17
Q7302866	P495	Q5255892	17
Q7302866	P495	Q99541706	17
Q7366	P495	Q63791824	17
Q105543609	P495	Q1489259	16
Q105543609	P495	Q1520223	16
Q105543609	P495	Q512187	16
Q105543609	P495	Q5255892	16
Q105543609	P495	Q99541706	16
Q7366	P495	Q43702	16
Q7366	P495	Q619610	16
Q134556	P495	Q48349	15
Q134556	P495	Q611214	15
Q7366	P495	Q223832	14
Q7366	P495	Q185145	10
Q134556	P495	Q1323642	9
Q7366	P495	Q112099	9
Q7366	P495	Q1250464	9
Q134556	P495	Q339834	8
Q169930	P495	Q3624078	8
Q169930	P495	Q6256	8
Q169930	P495	Q1489259	7
Q169930	P495	Q1520223	7
Q169930	P495	Q512187	7
Q169930	P495	Q5255892	7
Q169930	P495	Q99541706	7
Q482994	P495	Q1489259	7
Q482994	P495	Q1520223	7
Q482994	P495	Q3624078	7
Q482994	P495	Q512187	7
Q482994	P495	Q5255892	7
Q482994	P495	Q6256	7
Q482994	P495	Q99541706	7
Q7366	P495	Q4209223	5
Q1193470	P495	Q1489259	4
Q1193470	P495	Q1520223	4
Q1193470	P495	Q3624078	4
Q1193470	P495	Q512187	4
Q1193470	P495	Q5255892	4
Q1193470	P495	Q6256	4
Q1193470	P495	Q99541706	4
Q134556	P495	Q3336843	4
Q134556	P495	Q7275	4
Q7366	P495	Q6266	4
Q134556	P495	Q15304003	3
Q134556	P495	Q185441	3
Q134556	P495	Q518261	3
Q134556	P495	Q66724388	3
Q59847891	P495	Q1489259	3
Q59847891	P495	Q1520223	3
Q59847891	P495	Q3624078	3
Q59847891	P495	Q512187	3
Q59847891	P495	Q5255892	3
Q59847891	P495	Q6256	3
Q59847891	P495	Q99541706	3
Q7366	P495	Q7275	3
Q134556	P495	Q123480	2
Q134556	P495	Q1351282	2
Q134556	P495	Q63438000	2
Q207628	P495	Q3624078	2
Q207628	P495	Q6256	2
Q56599584	P495	Q1489259	2
Q56599584	P495	Q1520223	2
Q56599584	P495	Q3624078	2
Q56599584	P495	Q512187	2
Q56599584	P495	Q5255892	2
Q56599584	P495	Q6256	2
Q56599584	P495	Q99541706	2
Q63412991	P495	Q1489259	2
Q63412991	P495	Q1520223	2
Q63412991	P495	Q3624078	2
Q63412991	P495	Q512187	2
Q63412991	P495	Q5255892	2
Q63412991	P495	Q6256	2
Q63412991	P495	Q99541706	2
Q7366	P495	Q48349	2
Q7366	P495	Q611214	2
Q7366	P495	Q66724388	2
Q1030329	P495	Q1489259	1
Q1030329	P495	Q1520223	1
Q1030329	P495	Q3624078	1
Q1030329	P495	Q512187	1
Q1030329	P495	Q5255892	1
Q1030329	P495	Q6256	1
Q1030329	P495	Q99541706	1
Q105543609	P495	Q112099	1
Q105543609	P495	Q1250464	1
Q105543609	P495	Q20181813	1
Q105543609	P495	Q202686	1
Q134556	P495	Q1093829	1
Q134556	P495	Q11514315	1
Q134556	P495	Q1288568	1
Q134556	P495	Q1549591	1
Q134556	P495	Q165116	1
Q134556	P495	Q17544377	1
Q134556	P495	Q236036	1
Q134556	P495	Q3024240	1
Q134556	P495	Q34770	1
Q134556	P495	Q4167410	1
Q134556	P495	Q62049	1
Q134556	P495	Q849866	1
Q1366112	P495	Q112099	1
Q1366112	P495	Q3624078	1
Q1366112	P495	Q6256	1
Q169930	P495	Q112099	1
Q207628	P495	Q1489259	1
Q207628	P495	Q1520223	1
Q207628	P495	Q20181813	1
Q207628	P495	Q512187	1
Q207628	P495	Q51576574	1
Q207628	P495	Q5255892	1
Q207628	P495	Q7270	1
Q207628	P495	Q99541706	1
Q2188189	P495	Q1489259	1
Q2188189	P495	Q1520223	1
Q2188189	P495	Q3624078	1
Q2188189	P495	Q512187	1
Q2188189	P495	Q5255892	1
Q2188189	P495	Q6256	1
Q2188189	P495	Q99541706	1
Q7302866	P495	Q20181813	1
Q7302866	P495	Q51576574	1
Q7302866	P495	Q7270	1
Q7366	P495	Q11514315	1
Q7366	P495	Q123480	1
Q7366	P495	Q1288568	1
Q7366	P495	Q1323642	1
Q7366	P495	Q165116	1
Q7366	P495	Q17544377	1
Q7366	P495	Q3024240	1
Q7366	P495	Q3336843	1
Q7366	P495	Q339834	1
Q7366	P495	Q34770	1
Q7366	P495	Q4167410	1
Q7366	P495	Q849866	1
Q7366	P495	Q859563	1
Q7725634	P495	Q1489259	1
Q7725634	P495	Q1520223	1
Q7725634	P495	Q3624078	1
Q7725634	P495	Q512187	1
Q7725634	P495	Q5255892	1
Q7725634	P495	Q6256	1
Q7725634	P495	Q99541706	1
Q134556	P4969	Q63141557	12
Q7366	P4969	Q63141557	12
Q134556	P4969	Q105543609	10
Q7366	P4969	Q105543609	9
Q134556	P4969	Q134556	2
Q134556	P4969	Q17776219	2
Q7366	P4969	Q17776219	2
Q134556	P4969	Q11424	1
Q134556	P4969	Q13582719	1
Q134556	P4969	Q24862	1
Q134556	P4969	Q63952888	1
Q134556	P4969	Q7366	1
Q7366	P4969	Q13582719	1
Q134556	P50	Q5	40
Q7366	P50	Q5	18
Q134556	P50	Q10648343	1
Q134556	P50	Q215380	1
Q134556	P50	Q54982412	1
Q134556	P50	Q5741069	1
Q134556	P50	Q84310035	1
Q134556	P50	Q9212979	1
Q1366112	P50	Q5	1
Q482994	P50	Q215380	1
Q7366	P50	Q9212979	1
Q7725634	P50	Q5	1
Q7725634	P50	Q5741069	1
Q134556	P5008	Q16695773	5
Q134556	P5008	Q43229	1
Q7366	P5008	Q16695773	1
Q7366	P5008	Q43229	1
Q134556	P5202	Q5	3
Q7366	P5202	Q5	1
Q134556	P527	Q5	4
Q134556	P527	Q105543609	3
Q134556	P527	Q2031291	1
Q134556	P527	Q40686289	1
Q134556	P527	Q862597	1
Q134556	P547	Q5	1
Q134556	P57	Q5	3
Q7366	P57	Q5	1
Q748289	P57	Q5	1
Q134556	P5707	Q134556	4
Q134556	P5707	Q105543609	2
Q134556	P5707	Q11424	2
Q134556	P5707	Q55850593	1
Q134556	P5707	Q7366	1
Q7366	P5707	Q105543609	1
Q7366	P5707	Q134556	1
Q134556	P6216	Q50424085	4
Q7366	P6216	Q50424085	1
Q134556	P641	Q31629	35
Q134556	P641	Q212434	30
Q134556	P641	Q4356073	25
Q7366	P641	Q31629	9
Q7366	P641	Q212434	6
Q7366	P641	Q4356073	6
Q134556	P641	Q216048	3
Q134556	P641	Q31085894	3
Q134556	P641	Q2312410	1
Q17009617	P641	Q212434	1
Q17009617	P641	Q31629	1
Q17009617	P641	Q4356073	1
Q482994	P641	Q212434	1
Q482994	P641	Q216048	1
Q482994	P641	Q31085894	1
Q482994	P641	Q31629	1
Q134556	P658	Q105543609	114
Q134556	P658	Q55850593	68
Q134556	P658	Q7302866	3
Q134556	P658	Q2031291	2
Q134556	P658	Q55850643	1
Q7366	P658	Q105543609	1
Q134556	P6718	Q193977	13
Q134556	P6718	Q1385610	2
Q134556	P6718	Q64100970	1
Q7366	P6718	Q193977	1
Q7366	P6718	Q64100970	1
Q748289	P6718	Q193977	1
Q134556	P674	Q111242134	1
Q134556	P674	Q15632617	1
Q134556	P674	Q1569167	1
Q134556	P674	Q15711870	1
Q134556	P674	Q15773317	1
Q134556	P674	Q15773347	1
Q134556	P674	Q65115256	1
Q134556	P674	Q65924737	1
Q7366	P674	Q111242134	1
Q7366	P674	Q15632617	1
Q7366	P674	Q1569167	1
Q7366	P674	Q15711870	1
Q7366	P674	Q15773317	1
Q7366	P674	Q15773347	1
Q7366	P674	Q65115256	1
Q7366	P674	Q65924737	1
Q134556	P676	Q5	2960
Q7366	P676	Q5	742
Q134556	P676	Q1062083	28
Q134556	P676	Q215380	19
Q134556	P676	Q54982412	12
Q105543609	P676	Q5	11
Q134556	P676	Q5741069	11
Q7302866	P676	Q5	11
Q134556	P676	Q9212979	7
Q134556	P676	Q84310035	6
Q7366	P676	Q54982412	5
Q134556	P676	Q10648343	4
Q207628	P676	Q5	4
Q7366	P676	Q215380	4
Q7366	P676	Q84310035	4
Q7366	P676	Q1062083	3
Q7366	P676	Q5741069	3
Q105543609	P676	Q1062083	2
Q1193470	P676	Q5	2
Q134556	P676	Q16145172	2
Q134556	P676	Q2985549	2
Q169930	P676	Q5	2
Q59847891	P676	Q5	2
Q7366	P676	Q9212979	2
Q105543609	P676	Q10648343	1
Q105543609	P676	Q54982412	1
Q11424	P676	Q5	1
Q134556	P676	Q14073567	1
Q134556	P676	Q159979	1
Q134556	P676	Q215627	1
Q134556	P676	Q216337	1
Q134556	P676	Q3046146	1
Q134556	P676	Q56816954	1
Q1399352	P676	Q5	1
Q17009617	P676	Q5	1
Q2470219	P676	Q5	1
Q482994	P676	Q10648343	1
Q482994	P676	Q215380	1
Q482994	P676	Q216337	1
Q482994	P676	Q5	1
Q482994	P676	Q54982412	1
Q5151790	P676	Q5	1
Q55850593	P676	Q5	1
Q56599584	P676	Q5	1
Q63412991	P676	Q5	1
Q7366	P676	Q10648343	1
Q7366	P676	Q2985549	1
Q748289	P676	Q5	1
Q7725634	P676	Q5	1
Q134556	P710	Q179164	1
Q134556	P710	Q3624078	1
Q134556	P710	Q4209223	1
Q134556	P710	Q5	1
Q134556	P710	Q619610	1
Q134556	P710	Q6256	1
Q134556	P710	Q7270	1
Q7366	P710	Q179164	1
Q7366	P710	Q3624078	1
Q7366	P710	Q4209223	1
Q7366	P710	Q619610	1
Q7366	P710	Q6256	1
Q7366	P710	Q7270	1
Q134556	P736	Q5	1
Q134556	P737	Q134556	3
Q134556	P737	Q105543609	2
Q134556	P737	Q7366	1
Q7366	P737	Q134556	1
Q134556	P747	Q3331189	2
Q134556	P747	Q134556	1
Q134556	P747	Q3246734	1
Q134556	P747	Q67175754	1
Q7366	P747	Q3331189	1
Q134556	P750	Q166142	10
Q134556	P750	Q19307174	10
Q134556	P750	Q210337	10
Q134556	P750	Q240795	10
Q134556	P750	Q24579448	10
Q134556	P750	Q24657198	10
Q134556	P750	Q15590336	5
Q134556	P750	Q322948	5
Q134556	P750	Q43060	5
Q134556	P750	Q914359	5
Q134556	P750	Q2442401	3
Q134556	P750	Q658255	3
Q134556	P750	Q18127	2
Q134556	P750	Q4830453	2
Q134556	P750	Q6881511	2
Q7366	P750	Q166142	2
Q7366	P750	Q19307174	2
Q7366	P750	Q210337	2
Q7366	P750	Q240795	2
Q7366	P750	Q24579448	2
Q7366	P750	Q24657198	2
Q134556	P750	Q12540664	1
Q134556	P750	Q1660312	1
Q134556	P750	Q334453	1
Q134556	P750	Q5	1
Q7366	P750	Q18127	1
Q134556	P767	Q5	8
Q7366	P767	Q5	3
Q5151790	P767	Q5	1
Q55850593	P767	Q5	1
Q134556	P793	Q110288240	1
Q7366	P793	Q110288240	1
Q134556	P7937	Q106043376	326
Q7366	P7937	Q106043376	74
Q134556	P7937	Q107487333	30
Q134556	P7937	Q4263830	30
Q134556	P7937	Q11921029	29
Q105543609	P7937	Q107487333	19
Q105543609	P7937	Q11921029	18
Q105543609	P7937	Q4263830	18
Q134556	P7937	Q108040195	12
Q134556	P7937	Q862597	5
Q105543609	P7937	Q862597	4
Q134556	P7937	Q188451	4
Q105543609	P7937	Q188451	3
Q7366	P7937	Q108040195	3
Q134556	P7937	Q59913930	2
Q7366	P7937	Q107487333	2
Q7366	P7937	Q11921029	2
Q7366	P7937	Q4263830	2
Q134556	P7937	Q108225947	1
Q134556	P7937	Q110013851	1
Q134556	P7937	Q223393	1
Q134556	P7937	Q7777573	1
Q1399352	P7937	Q106043376	1
Q182659	P7937	Q107487333	1
Q182659	P7937	Q11921029	1
Q182659	P7937	Q4263830	1
Q7725634	P7937	Q110013851	1
Q7725634	P7937	Q223393	1
Q7725634	P7937	Q4263830	1
Q7725634	P7937	Q7777573	1
Q134556	P825	Q5	1
Q134556	P826	Q192822	149
Q134556	P826	Q58795659	88
Q7366	P826	Q192822	63
Q134556	P826	Q12827391	53
Q7366	P826	Q58795659	32
Q7366	P826	Q12827391	25
Q482994	P826	Q192822	1
Q482994	P826	Q58795659	1
Q7302866	P826	Q192822	1
Q7302866	P826	Q58795659	1
Q134556	P828	Q124757	1
Q134556	P8345	Q196600	10
Q7366	P8345	Q196600	3
Q134556	P8345	Q431289	2
Q1193470	P8345	Q196600	1
Q134556	P8345	Q4167410	1
Q7366	P8345	Q4167410	1
Q7366	P8345	Q431289	1
Q134556	P8371	Q105543609	1
Q134556	P8371	Q107357104	1
Q134556	P8371	Q188451	1
Q134556	P8371	Q55566151	1
Q7366	P8371	Q105543609	1
Q134556	P840	Q1093829	1
Q134556	P840	Q1549591	1
Q134556	P840	Q1637706	1
Q134556	P8411	Q15831596	3
Q134556	P8411	Q101998	2
Q134556	P8411	Q107425	2
Q134556	P8411	Q2083910	1
Q7366	P8411	Q101998	1
Q7366	P8411	Q107425	1
Q7366	P8411	Q15831596	1
Q7366	P8411	Q2083910	1
Q134556	P86	Q5	1569
Q7366	P86	Q5	491
Q134556	P86	Q215380	21
Q134556	P86	Q5741069	19
Q105543609	P86	Q5	16
Q134556	P86	Q54982412	15
Q134556	P86	Q84310035	13
Q134556	P86	Q1062083	7
Q134556	P86	Q9212979	7
Q7366	P86	Q54982412	5
Q134556	P86	Q10648343	4
Q7302866	P86	Q5	4
Q7366	P86	Q215380	4
Q134556	P86	Q16145172	3
Q7366	P86	Q10648343	3
Q7366	P86	Q5741069	3
Q169930	P86	Q5	2
Q207628	P86	Q5	2
Q59847891	P86	Q5	2
Q7366	P86	Q1062083	2
Q7366	P86	Q84310035	2
Q1030329	P86	Q5	1
Q105543609	P86	Q1062083	1
Q134556	P86	Q1002697	1
Q134556	P86	Q109289331	1
Q134556	P86	Q12340140	1
Q134556	P86	Q14073567	1
Q134556	P86	Q15632617	1
Q134556	P86	Q15711870	1
Q134556	P86	Q2085381	1
Q134556	P86	Q22808320	1
Q134556	P86	Q281643	1
Q134556	P86	Q4167410	1
Q134556	P86	Q641066	1
Q2470219	P86	Q5	1
Q63412991	P86	Q5	1
Q7366	P86	Q1002697	1
Q7366	P86	Q12340140	1
Q7366	P86	Q2085381	1
Q7366	P86	Q22808320	1
Q7366	P86	Q4167410	1
Q7366	P86	Q9212979	1
Q134556	P88	Q1126006	1
Q134556	P88	Q865588	1
Q134556	P915	Q1549591	1
Q134556	P915	Q22808403	1
Q134556	P915	Q23397	1
Q134556	P915	Q484170	1
Q134556	P915	Q928830	1
Q193977	P915	Q22808403	1
Q193977	P915	Q928830	1
Q134556	P921	Q5	8
Q134556	P921	Q12737077	5
Q134556	P921	Q1093829	4
Q134556	P921	Q1549591	4
Q134556	P921	Q3301053	4
Q7366	P921	Q1093829	4
Q7366	P921	Q1549591	4
Q7366	P921	Q3301053	4
Q134556	P921	Q12029	3
Q134556	P921	Q13218391	3
Q134556	P921	Q3559093	3
Q134556	P921	Q4897819	3
Q134556	P921	Q515	3
Q7366	P921	Q13218391	3
Q7366	P921	Q3559093	3
Q7366	P921	Q515	3
Q134556	P921	Q1139665	2
Q134556	P921	Q132821	2
Q134556	P921	Q3882219	2
Q134556	P921	Q49773	2
Q7366	P921	Q5	2
Q1030329	P921	Q2996394	1
Q105543609	P921	Q5	1
Q134556	P921	Q110297858	1
Q134556	P921	Q1137463	1
Q134556	P921	Q1165999	1
Q134556	P921	Q11862829	1
Q134556	P921	Q11920938	1
Q134556	P921	Q12909644	1
Q134556	P921	Q1377182	1
Q134556	P921	Q15142889	1
Q134556	P921	Q16521	1
Q134556	P921	Q17343829	1
Q134556	P921	Q178561	1
Q134556	P921	Q190995	1
Q134556	P921	Q1914636	1
Q134556	P921	Q1931388	1
Q134556	P921	Q198	1
Q134556	P921	Q2207288	1
Q134556	P921	Q23002054	1
Q134556	P921	Q2438541	1
Q134556	P921	Q273120	1
Q134556	P921	Q2738074	1
Q134556	P921	Q28640	1
Q134556	P921	Q2996394	1
Q134556	P921	Q3241045	1
Q134556	P921	Q3505845	1
Q134556	P921	Q35657	1
Q134556	P921	Q451967	1
Q134556	P921	Q506674	1
Q134556	P921	Q5932254	1
Q134556	P921	Q608	1
Q134556	P921	Q785260	1
Q134556	P921	Q83267	1
Q134556	P921	Q839954	1
Q134556	P921	Q852190	1
Q134556	P921	Q864113	1
Q134556	P921	Q9332	1
Q134556	P921	Q98379923	1
Q16909656	P921	Q12737077	1
Q16909656	P921	Q2207288	1
Q16909656	P921	Q28640	1
Q24255514	P921	Q110297858	1
Q7366	P921	Q12029	1
Q7366	P921	Q12737077	1
Q7366	P921	Q12909644	1
Q7366	P921	Q1377182	1
Q7366	P921	Q178561	1
Q7366	P921	Q1914636	1
Q7366	P921	Q23002054	1
Q7366	P921	Q2738074	1
Q7366	P921	Q2996394	1
Q7366	P921	Q35657	1
Q7366	P921	Q451967	1
Q7366	P921	Q4897819	1
Q7366	P921	Q49773	1
Q7366	P921	Q506674	1
Q7366	P921	Q608	1
Q7366	P921	Q9332	1
Q134556	P9215	Q15275719	11
Q7366	P9215	Q15275719	2
Q134556	P941	Q5	3
Q134556	P941	Q13226541	1
Q134556	P941	Q170584	1
Q134556	P941	Q18669875	1
Q134556	P941	Q21605492	1
Q134556	P941	Q47461344	1
Q5151790	P941	Q5	1
Q7366	P941	Q5	1
Q134556	P942	Q5398426	1
Q7366	P942	Q5398426	1
